{"Demography": {"ds": 0.29858183211958605, "km": 0.3085473361441165, "gm": 0.30126485243388273}, "Health": {"ds": 0.33463490823896913, "km": 0.6046466224131198, "gm": 0.582194455290902}, "Energy": {"ds": 0.33678971381169637, "km": 0.3409373703857321, "gm": 0.3434259643301535}, "Education": {"ds": 0.3076659822039699, "km": 0.32306639288158795, "gm": 0.3261464750171116}, "Demography-Health": {"ds": 0.29858183211958605, "km": 0.3085473361441165, "gm": 0.49329244921425836}, "Demography-Energy": {"ds": 0.3194062671797691, "km": 0.3446948873007147, "gm": 0.3402968664101155}, "Demography-Education": {"ds": 0.28057971014492755, "km": 0.2956521739130435, "gm": 0.296231884057971}, "Health-Energy": {"ds": 0.3238660449342942, "km": 0.3302246714709623, "gm": 0.32895294616362863}, "Health-Education": {"ds": 0.27660363366703744, "km": 0.28513162773451983, "gm": 0.28735632183908044}, "Energy-Education": {"ds": 0.4001171646162859, "km": 0.4141769185705917, "gm": 0.4065612185120094}, "Demography-Health-Energy": {"ds": 0.3194062671797691, "km": 0.34634414513468936, "gm": 0.3441451346893898}, "Demography-Health-Education": {"ds": 0.28057971014492755, "km": 0.296231884057971, "gm": 0.5008695652173913}, "Demography-Energy-Education": {"ds": 0.3655828707375099, "km": 0.3877874702616971, "gm": 0.38540840602696275}, "Health-Energy-Education": {"ds": 0.38591210114388924, "km": 0.4003612281757977, "gm": 0.4003612281757977}, "Demography-Health-Energy-Education": {"ds": 0.3655828707375099, "km": 0.3877874702616971, "gm": 0.3877874702616971}}