{
   "Demography":{
      "ds":0.29858183211958605,
      "km":0.6423917209658873,
      "gm":0.6059793024147183
   },
   "Health":{
      "ds":0.32448262397500977,
      "km":0.6116751269035533,
      "gm":0.6235845372901211
   },
   "Energy":{
      "ds":0.33678971381169637,
      "km":0.5425134798838657,
      "gm":0.4097884695147242
   },
   "Education":{
      "ds":0.31587953456536616,
      "km":0.4404517453798768,
      "gm":0.405886379192334
   },
   "Demography-Health":{
      "ds":0.29858183211958605,
      "km":0.6446914526638559,
      "gm":0.617094672288233
   },
   "Demography-Energy":{
      "ds":0.3194062671797691,
      "km":0.6278174821330401,
      "gm":0.6217702034084662
   },
   "Demography-Education":{
      "ds":0.28057971014492755,
      "km":0.6417391304347826,
      "gm":0.6086956521739131
   },
   "Health-Energy":{
      "ds":0.3238660449342942,
      "km":0.5705807545570157,
      "gm":0.4328105129292073
   },
   "Health-Education":{
      "ds":0.28772710418984054,
      "km":0.5194660734149055,
      "gm":0.5272525027808677
   },
   "Energy-Education":{
      "ds":0.4001171646162859,
      "km":0.5618043350908026,
      "gm":0.5418863503222027
   },
   "Demography-Health-Energy":{
      "ds":0.3194062671797691,
      "km":0.6349642660802639,
      "gm":0.6393622869708631
   },
   "Demography-Health-Education":{
      "ds":0.28057971014492755,
      "km":0.6527536231884058,
      "gm":0.6197101449275362
   },
   "Demography-Energy-Education":{
      "ds":0.3655828707375099,
      "km":0.6494845360824743,
      "gm":0.6486915146708961
   },
   "Health-Energy-Education":{
      "ds":0.38591210114388924,
      "km":0.5009030704394943,
      "gm":0.5538832028898254
   },
   "Demography-Health-Energy-Education":{
      "ds":0.3655828707375099,
      "km":0.6510705789056305,
      "gm":0.6375892149088025
   }
}