{"Demography": {"ds": 0.29858183211958605, "km": 0.6301264852433883, "gm": 0.6274434649290916}, "Health": {"ds": 0.3639203436157751, "km": 0.6071846934791097, "gm": 0.5900039047247169}, "Energy": {"ds": 0.33678971381169637, "km": 0.4624637080049772, "gm": 0.42928245541269183}, "Education": {"ds": 0.3076659822039699, "km": 0.38466803559206025, "gm": 0.38774811772758383}, "Demography-Health": {"ds": 0.29858183211958605, "km": 0.6308930624760445, "gm": 0.6262935990801073}, "Demography-Energy": {"ds": 0.3194062671797691, "km": 0.616822429906542, "gm": 0.6195711929631665}, "Demography-Education": {"ds": 0.28057971014492755, "km": 0.6307246376811594, "gm": 0.6231884057971014}, "Health-Energy": {"ds": 0.3238660449342942, "km": 0.48028825773632894, "gm": 0.41670199236964817}, "Health-Education": {"ds": 0.27660363366703744, "km": 0.4560622914349277, "gm": 0.4486466444197256}, "Energy-Education": {"ds": 0.4001171646162859, "km": 0.5688342120679555, "gm": 0.4276508494434681}, "Demography-Health-Energy": {"ds": 0.3194062671797691, "km": 0.6520065970313359, "gm": 0.6322155030236394}, "Demography-Health-Education": {"ds": 0.28057971014492755, "km": 0.6440579710144928, "gm": 0.6353623188405797}, "Demography-Energy-Education": {"ds": 0.3655828707375099, "km": 0.6494845360824743, "gm": 0.6455194290245837}, "Health-Energy-Education": {"ds": 0.38591210114388924, "km": 0.609271523178808, "gm": 0.46237206502107164}, "Demography-Health-Energy-Education": {"ds": 0.3655828707375099, "km": 0.7049960348929422, "gm": 0.6463124504361618}}