{
   "Demography":{
      "ds":0.0,
      "km":0.5755514231579936,
      "gm":0.5672940101624234
   },
   "Health":{
      "ds":0.5769425480032045,
      "km":0.43658014019695995,
      "gm":0.41188026853679355
   },
   "Energy":{
      "ds":0.0,
      "km":0.6651311707875324,
      "gm":0.7305235299240406
   },
   "Education":{
      "ds":0.0,
      "km":0.44632295183813814,
      "gm":0.4497713701830475
   },
   "Demography-Health":{
      "ds":0.0,
      "km":0.5642224985679525,
      "gm":0.4366755631526042
   },
   "Demography-Energy":{
      "ds":0.0,
      "km":0.8295922633444772,
      "gm":0.8038017978619113
   },
   "Demography-Education":{
      "ds":0.0,
      "km":0.3354190688955006,
      "gm":0.42250517043976776
   },
   "Health-Energy":{
      "ds":0.0,
      "km":0.6553873946528547,
      "gm":0.7264392355627347
   },
   "Health-Education":{
      "ds":0.0,
      "km":0.3980359896764172,
      "gm":0.41088904739761734
   },
   "Energy-Education":{
      "ds":0.0,
      "km":0.7590177296339042,
      "gm":0.7049477567928051
   },
   "Demography-Health-Energy":{
      "ds":0.0,
      "km":0.8273898990356484,
      "gm":0.8347884841249281
   },
   "Demography-Health-Education":{
      "ds":0.0,
      "km":0.35398905048862694,
      "gm":0.403411124897844
   },
   "Demography-Energy-Education":{
      "ds":0.0,
      "km":0.8103784940707868,
      "gm":0.7561210506242592
   },
   "Health-Energy-Education":{
      "ds":0.0,
      "km":0.7175715001033406,
      "gm":0.731334988624163
   },
   "Demography-Health-Energy-Education":{
      "ds":0.0,
      "km":0.8016807638293157,
      "gm":0.804488192670291
   }
}