{"Demography": {"ds": 0.0, "km": 0.3969413541669519, "gm": 0.3717726000867021}, "Health": {"ds": 0.5998677510826809, "km": 0.43228876167571756, "gm": 0.4098482630557736}, "Energy": {"ds": 0.0, "km": 0.24945948106382868, "gm": 0.25856810008162884}, "Education": {"ds": 0.504454060595553, "km": 0.4816522822567382, "gm": 0.454756088289842}, "Demography-Health": {"ds": 0.0, "km": 0.38551648266417715, "gm": 0.37383468393124536}, "Demography-Energy": {"ds": 0.0, "km": 0.26237843449003934, "gm": 0.2635653210871064}, "Demography-Education": {"ds": 0.0, "km": 0.3357298599294565, "gm": 0.3117634289203822}, "Health-Energy": {"ds": 0.0, "km": 0.24531735061182428, "gm": 0.2510024824701757}, "Health-Education": {"ds": 0.353212092297763, "km": 0.3912264232306599, "gm": 0.37651815466278415}, "Energy-Education": {"ds": 0.0, "km": 0.22866632710272153, "gm": 0.22291644500632668}, "Demography-Health-Energy": {"ds": 0.0, "km": 0.2642130071468808, "gm": 0.2488507324619987}, "Demography-Health-Education": {"ds": 0.0, "km": 0.33376729535198857, "gm": 0.2973758427916896}, "Demography-Energy-Education": {"ds": 0.0, "km": 0.2578824116379239, "gm": 0.24165223974634115}, "Health-Energy-Education": {"ds": 0.0, "km": 0.23154410558745328, "gm": 0.21878823675535233}, "Demography-Health-Energy-Education": {"ds": 0.0, "km": 0.25903132215038455, "gm": 0.25612609874696524}}