{
   "Demography":{
      "ds":0.0,
      "km":0.3416114135595871,
      "gm":0.3564225222032389
   },
   "Health":{
      "ds":0.531840444804365,
      "km":0.43592875045627133,
      "gm":0.410378518716738
   },
   "Energy":{
      "ds":0.0,
      "km":0.2265671173617362,
      "gm":0.23709246016267074
   },
   "Education":{
      "ds":0.0,
      "km":0.34205922197826566,
      "gm":0.31234415780898317
   },
   "Demography-Health":{
      "ds":0.0,
      "km":0.34153927005568163,
      "gm":0.40305639952921757
   },
   "Demography-Energy":{
      "ds":0.0,
      "km":0.24093662584247774,
      "gm":0.25855001574647035
   },
   "Demography-Education":{
      "ds":0.0,
      "km":0.2837507773746775,
      "gm":0.2911762275774325
   },
   "Health-Energy":{
      "ds":0.0,
      "km":0.2508286890530652,
      "gm":0.24698920261214838
   },
   "Health-Education":{
      "ds":0.0,
      "km":0.3310750220828378,
      "gm":0.3246098206940668
   },
   "Energy-Education":{
      "ds":0.0,
      "km":0.21040099941572502,
      "gm":0.22094063219018273
   },
   "Demography-Health-Energy":{
      "ds":0.0,
      "km":0.24077844538942345,
      "gm":0.24887857234357935
   },
   "Demography-Health-Education":{
      "ds":0.0,
      "km":0.28534709772814953,
      "gm":0.2873540861748026
   },
   "Demography-Energy-Education":{
      "ds":0.0,
      "km":0.2394833217013812,
      "gm":0.239780642769098
   },
   "Health-Energy-Education":{
      "ds":0.0,
      "km":0.22502808562353557,
      "gm":0.22809776117935845
   },
   "Demography-Health-Energy-Education":{
      "ds":0.0,
      "km":0.24326993149615303,
      "gm":0.25827498781093405
   }
}